jaw_length,eyebrow_asymmetry,mouth_width,mouth_height,mouth_aspect_ratio,left_eye_ratio,right_eye_ratio,symmetry_error,label
241.52853608744593,7.0,73.55270219373317,28.861739379323623,2.548449997368346,0.26225846965942945,0.34517869766797105,176.6,angry
219.40390307520138,1.3333333333333333,68.00735254367721,30.066592756745816,2.2618908245440643,0.2812885986017595,0.3004039358057396,20.2,angry
200.36229585638955,1.6666666666666667,73.33484846919642,29.154759474226502,2.5153644645452036,0.26860878541771566,0.22168760440885021,36.6,angry
206.05179605817256,3.6666666666666665,68.26419266350405,29.274562336608895,2.331860321145669,0.27089467170743936,0.17149455970591998,48.0,angry
235.82913931443002,1.0,68.06614430096654,33.06055050963308,2.058832693130774,0.3313029017034402,0.4211762801417337,83.6,angry
237.9173791697055,2.0,68.0294054067798,32.14031735997639,2.1166375716892487,0.340772296459185,0.41979980725544713,98.6,angry
233.6601924847496,2.0,54.230987451824994,27.294688127912362,1.9868695773628273,0.3175278823061027,0.45490249688256795,140.0,angry
224.59219522845694,8.333333333333334,74.54528824815154,31.25699921617557,2.384914986485945,0.26812113377260144,0.23992996947763937,78.6,angry
177.58281535293287,1.0,66.37017402418047,30.01666203960727,2.2111110064634567,0.35280231897719483,0.30279104621279557,89.6,angry
165.31384249272557,11.666666666666666,57.271284253105414,16.492422502470642,3.472581470183924,0.24253562117437913,0.27224309556809595,49.8,angry
203.4880015640439,3.6666666666666665,75.02666192761077,29.068883707497267,2.580995544980794,0.23419930490889512,0.1458041358318667,48.0,angry
225.0217365281078,6.0,65.12296062065974,23.021728866442675,2.8287605231431967,0.2824677833324049,0.35938898152191695,59.0,angry
215.65511668646695,1.0,78.23042886243178,38.05259518088089,2.0558499738248557,0.2759782127423136,0.3060150214647482,20.2,angry
226.40246219410034,5.666666666666667,67.06713054842886,25.019992006393608,2.680541538572394,0.2774279912167397,0.33999168271263186,58.4,angry
212.67507805591316,2.3333333333333335,69.02897942168927,28.0178514522438,2.4637498373349134,0.32056468716088304,0.3232516541110731,24.2,angry
215.11503746897043,1.6666666666666667,72.11102550927978,29.017236257093817,2.485109966547586,0.2938509511792925,0.26792195959303783,18.8,angry
211.16809750487502,2.0,71.34423592694787,28.071337695236398,2.5415330811798698,0.27677018461410746,0.3004735372255834,19.6,angry
209.72618283098558,2.0,67.47592163134935,27.073972741361768,2.4922799392489714,0.27677018461410746,0.30507521140977695,22.0,angry
166.31751237655098,11.333333333333334,58.05170109479997,15.524174696260024,3.7394385525271643,0.2504050731136464,0.2625056549756723,50.4,angry
166.15469879162583,11.333333333333334,57.0701322935211,15.297058540778355,3.730791015187303,0.23719077399945743,0.25325700076899976,49.8,angry
166.8685580873972,11.333333333333334,58.05170109479997,15.524174696260024,3.7394385525271643,0.23513985496097,0.25325700076899976,50.0,angry
169.01533908878704,11.666666666666666,59.22837157984339,16.492422502470642,3.591247312499021,0.24253562117437913,0.2614881759107412,48.8,angry
167.1384001082369,11.666666666666666,59.033888572581766,16.492422502470642,3.579455048782746,0.24253562117437913,0.2288021539218985,48.6,angry
216.3516899022658,3.0,74.24284477308234,35.014282800023196,2.1203587997716853,0.3083375796175142,0.3080202171572016,22.8,angry
166.41114646679446,11.0,58.249463516842795,16.492422502470642,3.531892296369709,0.2563622802815814,0.28702460087153303,48.4,angry
166.14069894354404,11.333333333333334,59.033888572581766,16.492422502470642,3.579455048782746,0.27209650640606137,0.25969098504951516,47.2,angry
162.14416241842054,10.666666666666666,62.51399843235114,15.297058540778355,4.086667654375245,0.34966857923287004,0.2952164402164322,19.4,angry
150.90944711243225,4.0,61.1310068623117,21.02379604162864,2.90770533701728,0.21730739034328853,0.2516634563639609,46.0,angry
168.5020674971229,1.3333333333333333,58.034472514187634,18.027756377319946,3.2191731505771566,0.294205805913222,0.31268749938642554,41.6,angry
162.99568973894992,5.666666666666667,52.15361924162119,17.029386365926403,3.06256579411505,0.30311499046258505,0.2871352503800056,78.4,angry
165.26390396034347,5.666666666666667,53.150729063673246,18.027756377319946,2.948271820572658,0.37737466504802214,0.35973242528203264,60.4,angry
151.668905124918,7.666666666666667,53.08483775994799,18.027756377319946,2.944616828864807,0.3281130201867194,0.32207830856127034,23.6,angry
212.4235429849038,5.0,69.1158447825099,27.16615541441225,2.5441893114420266,0.15796637458745175,0.26210845829036233,35.0,angry
171.20591333273646,5.666666666666667,54.230987451824994,22.02271554554524,2.4625021776795673,0.3387981732757534,0.37690793976915377,86.0,angry
189.0100610242007,3.3333333333333335,69.35416353759881,24.331050121192877,2.8504384455955467,0.24501088822549538,0.24539696682819193,18.6,angry
170.2451287413927,1.6666666666666667,58.137767414994535,30.01666203960727,1.9368497870093422,0.29103897554843977,0.29707699018941586,104.6,angry
180.9566365519696,2.0,67.06713054842886,32.0,2.0958477641431594,0.2631174021433269,0.2755440345939057,69.2,angry
227.53357098867144,3.0,54.037024344425184,25.495097567963924,2.1195063906254457,0.2751607745866103,0.5188384841249916,183.4,angry
194.61795202285444,1.3333333333333333,73.24616030891995,32.01562118716424,2.2878256084083204,0.26508539839772693,0.23529550246318787,26.8,angry
211.66182930816427,8.0,108.18964830333815,36.124783736376884,2.9948870032820847,0.284532155265399,0.22971204262141845,28.6,happy
190.85444934852254,1.0,101.71037311896953,39.01281840626232,2.607101323793149,0.32839036840801816,0.23552031186273273,35.8,happy
215.04788290526656,5.666666666666667,110.01818031580054,30.14962686336267,3.6490725794162393,0.2840909058626033,0.2508004851052786,150.8,happy
219.86974031208436,7.333333333333333,111.11255554616679,31.144823004794873,3.5676090360652077,0.2504507890703135,0.2332091739427808,189.2,happy
265.45399113271134,1.3333333333333333,105.11898020814318,21.095023109728988,4.983117329534717,0.08767208751947501,0.2510626137250402,277.4,happy
238.73668122245132,2.0,105.07616285342742,31.016124838541646,3.387791350873885,0.2658474590131251,0.2591426794239522,203.8,happy
238.9923494981165,2.6666666666666665,102.07840124139877,30.066592756745816,3.395077010294729,0.22789394142952107,0.2735374987082934,207.0,happy
121.73952458287458,3.3333333333333335,47.095647357266465,26.019223662515376,1.8100326957518784,0.19318836180547422,0.2679985086617943,227.6,happy
123.74355756821545,3.0,44.10215414239989,25.019992006393608,1.7626765175805614,0.19972728639401693,0.29425741446404186,280.8,happy
120.9245860687004,1.3333333333333333,35.0,30.01666203960727,1.166019019296621,0.2292864216363453,0.27954454410866153,199.4,happy
165.1540597361226,6.666666666666667,76.6550715869472,24.186773244895647,3.1692970220336187,0.23708812516703362,0.2169304540983296,156.4,happy
107.01378206493933,4.0,60.00833275470999,24.08318915758459,2.4917102909562576,0.2522504377577806,0.2688072813856642,93.8,happy
259.6896812850515,4.0,113.0,33.015148038438355,3.4226712067371907,0.1883006377420948,0.25686885787797287,154.4,happy
130.87543357397405,5.0,67.26812023536856,23.345235059857504,2.8814495626813184,0.11233882962740288,0.18706343456583388,217.8,happy
96.06917728375818,5.666666666666667,52.009614495783374,26.1725046566048,1.987185146816786,0.369967304787516,0.22414308675579417,141.6,happy
155.96562302910104,4.0,59.30430001273095,26.1725046566048,2.2659007429716658,0.2246719562020321,0.2614348745497349,180.6,happy
168.33895404313967,6.666666666666667,63.50590523722971,23.08679276123039,2.7507459846535753,0.2595343877559315,0.3022901032956725,130.0,happy
184.47614407351745,5.666666666666667,68.00735254367721,16.1245154965971,4.217636699868143,0.2680391684095897,0.3088896909039303,24.4,happy
182.12698839028303,6.0,68.0,16.0312195418814,4.241723193960852,0.2763806280268235,0.29366696699671796,24.6,happy
182.31728527516114,5.666666666666667,67.0,16.0312195418814,4.179344911696722,0.2903080533402746,0.2727692730628843,24.4,happy
183.7199223325858,5.333333333333333,67.0,17.0,3.9411762387543385,0.2655056701100911,0.3130240040065471,23.8,happy
181.92394628706015,5.666666666666667,67.00746227100382,16.0312195418814,4.17981039534373,0.27172880329873583,0.3173328678684059,24.4,happy
181.97267514326623,5.666666666666667,67.0,16.0312195418814,4.179344911696722,0.2756000477435012,0.3185332187778251,24.0,happy
270.3158058023206,13.0,89.35882720806042,35.510561809129406,2.516401322287327,0.2305605068914655,0.3461179862460346,257.6,happy
183.16441157980952,5.0,68.0,16.1245154965971,4.217180714494642,0.2763806280268235,0.26451123926026643,24.4,happy
184.31611005613578,5.666666666666667,68.00735254367721,16.0312195418814,4.242181833005709,0.24999999654901486,0.2881107597886721,23.4,happy
181.3841482968704,5.333333333333333,67.00746227100382,16.1245154965971,4.155626141419186,0.2552138276305331,0.3032517012197109,23.4,happy
181.69083510554265,5.0,68.0,16.0312195418814,4.241723193960852,0.26245320271337236,0.3185926630462808,23.0,happy
183.7466963541674,5.0,67.00746227100382,16.1245154965971,4.155626141419186,0.2617119575805443,0.2919573299146074,23.0,happy
183.04479916916046,5.666666666666667,67.00746227100382,16.0312195418814,4.17981039534373,0.28154624929928873,0.28797018366159677,23.2,happy
183.17659723529505,5.666666666666667,66.007575322837,17.11724276862369,3.8562034995277936,0.2617119575805443,0.3130240040065471,23.0,happy
183.76446597467356,5.666666666666667,67.00746227100382,16.1245154965971,4.155626141419186,0.2732700813893999,0.3185332187778251,23.4,happy
185.16408783409668,5.333333333333333,67.0,16.0312195418814,4.179344911696722,0.26087970388646325,0.3130240040065471,23.8,happy
184.25871523340035,6.333333333333333,67.00746227100382,16.1245154965971,4.155626141419186,0.2545320875198907,0.32123837635924135,24.2,happy
227.73371236656618,11.0,111.46299834474219,38.3275357934736,2.9081701478849555,0.2514983818765493,0.2531914912917009,93.6,happy
185.20758615377216,6.0,67.0,16.0312195418814,4.179344911696722,0.28738520672462975,0.3032517012197109,25.0,happy
185.20758615377216,6.0,66.0,16.0312195418814,4.116966629432592,0.28154624929928873,0.2963188743671536,25.6,happy
184.5566346776453,5.666666666666667,67.0,15.033296378372908,4.456773408632697,0.25822172240903685,0.28797018366159677,26.8,happy
186.22293844248625,6.0,66.0,16.0312195418814,4.116966629432592,0.28154624929928873,0.3185332187778251,27.2,happy
182.82540271886052,6.0,66.0,16.0312195418814,4.116966629432592,0.2680391684095897,0.332703477801114,27.2,happy
186.15091211882077,6.666666666666667,67.00746227100382,17.029386365926403,3.9348134393300054,0.28154624929928873,0.3173328678684059,28.0,happy
185.4560362861193,5.333333333333333,66.007575322837,16.0312195418814,4.1174391650587605,0.2894881379064581,0.2881107597886721,28.2,happy
185.0355964786627,5.666666666666667,66.007575322837,16.1245154965971,4.093615789147362,0.28154624929928873,0.3185332187778251,28.6,happy
185.0043769367813,6.0,65.03076195155643,16.0312195418814,4.056507224865644,0.2894881379064581,0.3032517012197109,28.4,happy
155.4043178831293,0.6666666666666666,56.142675390472796,17.029386365926403,3.2968112230981963,0.2996342300825138,0.2909037853259746,131.6,happy
218.12344470819255,12.0,110.64357188738983,41.30375285612676,2.678777630546469,0.2743647424863128,0.2496644493865344,90.8,happy
153.08458692002313,2.3333333333333335,55.226805085936306,18.110770276274835,3.0493900145646244,0.3162277605935766,0.3009548403029515,132.2,happy
156.15529007813086,3.6666666666666665,69.1158447825099,28.071337695236398,2.4621499363775836,0.30719884574872514,0.27655113968080436,137.0,happy
151.57163243394902,5.666666666666667,73.17103251970687,35.0,2.090600869403029,0.241557909174171,0.2506305134796403,47.6,happy
219.27200089339064,2.6666666666666665,103.1746092796091,42.04759208325728,2.4537577947759317,0.23802777663002841,0.20615050825213868,79.4,happy
171.94158490395407,1.0,81.05553651663777,30.066592756745816,2.6958669536169837,0.14603909687879302,0.19176597670116244,107.2,happy
174.40981979576839,4.333333333333333,83.38465086573187,29.154759474226502,2.8600698311154322,0.14199817707525278,0.1757238139619284,107.2,happy
225.27471328589735,13.333333333333334,90.2551937563706,25.317977802344327,3.5648656814584814,0.24963592796906903,0.24613189884498127,46.4,happy
185.8948270366529,3.0,67.1863081289633,30.01666203960727,2.238300374705554,0.29961389627614493,0.23716063536310278,119.4,neutral
174.01174683542533,7.333333333333333,61.814237842102365,29.154759474226502,2.1202107935939867,0.4181169404185584,0.3697823104277547,98.4,neutral
248.09578298822106,16.0,78.91767862779544,34.92849839314596,2.2594065018230216,0.3065737778240309,0.3231610887633165,212.4,neutral
244.64882450675384,15.666666666666666,79.90619500389191,34.713109915419565,2.301902448287848,0.3145491604252868,0.3340447290773273,203.8,neutral
199.41404434337448,4.666666666666667,70.06425622241343,26.076809620810597,2.686841471575464,0.25694280589627133,0.33343741451919134,20.4,neutral
103.10662992638613,10.0,38.3275357934736,18.24828759089466,2.100335908354599,0.4863155058443558,0.2941741978995838,65.2,neutral
98.4666701453087,9.666666666666666,37.33630940518894,17.26267650163207,2.1628342070144706,0.47855874538837123,0.2941741978995838,59.2,neutral
176.52769392883212,6.0,49.16299421312742,19.1049731745428,2.5733085930383854,0.32626416865941427,0.40572703788161063,143.8,neutral
180.75201416445339,6.0,48.16637831516918,28.160255680657446,1.7104381846154628,0.32936493067793393,0.4073359747556103,149.6,neutral
168.86996031008147,0.0,60.0,18.0,3.3333331481481583,0.294205805913222,0.2698964020511288,26.8,neutral
170.30775359655954,1.6666666666666667,60.07495318350236,19.026297590440446,3.15746927327664,0.24419874225045365,0.2197531559649031,26.0,neutral
171.17782732435373,1.6666666666666667,60.07495318350236,18.027756377319946,3.3323586470650213,0.22918760372295216,0.22568905443845277,26.0,neutral
191.3227922822356,6.333333333333333,65.49045732013177,31.25699921617557,2.095225289285448,0.3589789652630638,0.31658309661317796,133.6,neutral
170.28405551895608,2.3333333333333335,61.07372593840988,17.029386365926403,3.586372464614346,0.2288728574994791,0.22683471352851914,25.8,neutral
168.647147563877,2.3333333333333335,60.03332407921454,17.029386365926403,3.5252779673879187,0.22552552562107978,0.22054054225638017,26.4,neutral
171.28696277001004,2.3333333333333335,60.13318551349163,18.027756377319946,3.3355887953730154,0.24386338104133212,0.23488945232861266,26.2,neutral
167.8051812066806,3.0,60.13318551349163,18.110770276274835,3.3202995386654948,0.23165492702522858,0.2359977243875714,27.4,neutral
168.74752473023167,3.6666666666666665,60.07495318350236,19.026297590440446,3.15746927327664,0.2288728574994791,0.25686451550346295,27.6,neutral
167.84940946016317,3.3333333333333335,60.07495318350236,19.026297590440446,3.15746927327664,0.21704383718475218,0.21890057019921164,28.6,neutral
169.9758135687138,3.0,60.13318551349163,19.1049731745428,3.1475146191832355,0.2288728574994791,0.22648184625258092,28.8,neutral
169.397016249484,3.0,60.13318551349163,18.110770276274835,3.3202995386654948,0.2138823339576261,0.21832399813846265,30.0,neutral
166.50090336238097,3.6666666666666665,60.13318551349163,19.1049731745428,3.1475146191832355,0.2288728574994791,0.2359977243875714,31.2,neutral
169.80186495015874,3.3333333333333335,59.21148537234985,18.110770276274835,3.269407164890712,0.24664545056708162,0.26629548221973526,31.8,neutral
203.6744291192521,6.0,71.25307010929424,33.06055050963308,2.1552293248505774,0.2817364098082796,0.24541649435970322,175.2,neutral
167.1956241452137,4.333333333333333,59.135437767890075,17.11724276862369,3.454728960294806,0.26341555215957463,0.2873702649241898,32.6,neutral
170.06152238926967,4.333333333333333,59.21148537234985,19.235384061671343,3.078258385912708,0.2854292652264463,0.2724117151739041,33.6,neutral
171.2480324982087,4.666666666666667,61.204574992397426,17.26267650163207,3.5454856285539105,0.2977398533178516,0.27993685859911493,34.0,neutral
168.7882481744721,5.0,59.21148537234985,17.26267650163207,3.430029053531922,0.28861654576297163,0.3102936843150724,34.6,neutral
167.51505874297712,5.0,59.30430001273095,17.11724276862369,3.464593997395604,0.289358279711947,0.29417108646245455,34.8,neutral
170.82017470574897,5.666666666666667,60.29925372672534,18.110770276274835,3.32946912126915,0.2746190726021695,0.2933160679917363,34.8,neutral
168.4229017725568,5.333333333333333,58.309518948453004,16.278820596099706,3.5819250554612356,0.2746190726021695,0.3003579179910889,35.0,neutral
169.3815366832352,5.333333333333333,60.29925372672534,17.26267650163207,3.493041778775306,0.3029813404552473,0.30110508161451816,35.4,neutral
170.29162303318418,5.0,58.309518948453004,17.26267650163207,3.3777795445081003,0.301373372204374,0.28545991580018204,34.6,neutral
166.40126166019084,6.0,59.30430001273095,18.110770276274835,3.274531995797427,0.2977093757746958,0.3102936843150724,34.2,neutral
161.4928174478014,0.6666666666666666,60.03332407921454,22.090722034374522,2.7175807684428888,0.29093433831096277,0.27006577067290266,45.6,neutral
166.7844388259288,6.0,59.30430001273095,19.235384061671343,3.083083589051794,0.27069514202791334,0.28620707942361134,35.0,neutral
167.55573898855187,6.0,60.29925372672534,18.24828759089466,3.3043785682353155,0.28861654576297163,0.30110508161451816,35.0,neutral
166.98326516139974,5.333333333333333,59.30430001273095,19.235384061671343,3.083083589051794,0.28861654576297163,0.324891712790944,35.4,neutral
169.20778828596977,6.0,60.29925372672534,19.235384061671343,3.134808766936428,0.2889838672944452,0.29417108646245455,34.8,neutral
169.91677146004562,6.333333333333333,60.29925372672534,18.24828759089466,3.3043785682353155,0.2746190726021695,0.3102936843150724,34.8,neutral
167.31349677188723,6.0,59.30430001273095,19.1049731745428,3.1041287714355237,0.2889838672944452,0.29494105072960325,34.8,neutral
166.53298251293054,5.666666666666667,59.30430001273095,18.24828759089466,3.2498554435577036,0.2746190726021695,0.3087537557807751,34.8,neutral
169.56490183133852,6.0,59.413803110051795,18.110770276274835,3.2805782925371076,0.3029813404552473,0.29255613476582226,35.8,neutral
167.26578939712442,6.0,59.413803110051795,17.26267650163207,3.441749004720422,0.2785430031764257,0.3003579179910889,35.4,neutral
168.15943013048096,6.333333333333333,59.30430001273095,19.235384061671343,3.083083589051794,0.2977093757746958,0.3160179881383898,35.8,neutral
190.22249729761253,6.333333333333333,44.10215414239989,25.079872407968907,1.7584679725052688,0.2868529333611158,0.5424367452094903,157.4,neutral
166.505004383051,7.0,59.413803110051795,17.11724276862369,3.4709912362736044,0.31212948522973166,0.31446921614351087,35.8,neutral
170.60309894261118,6.333333333333333,59.413803110051795,17.11724276862369,3.4709912362736044,0.2829108539713603,0.30110508161451816,35.8,neutral
170.56421535953476,6.333333333333333,60.40695324215582,17.26267650163207,3.4992806438308746,0.28226596858813674,0.26915378617979024,36.0,neutral
167.33739778803542,0.6666666666666666,48.010415536631214,15.033296378372908,3.1936051238964787,0.33876159764587527,0.24936467051605948,78.6,neutral
152.31486041055595,2.0,48.010415536631214,14.0,3.429315150522576,0.3774463513557438,0.24187818231894329,50.0,neutral
162.23889176779056,4.333333333333333,50.35871324805669,15.033296378372908,3.3498115536850466,0.2955056320727781,0.24705126783590128,125.0,neutral
139.67475124173333,1.6666666666666667,50.08991914547278,17.029386365926403,2.9413811588839778,0.3412306431943163,0.2904511921151816,15.0,neutral
156.19548921470448,5.0,51.35172830587107,18.24828759089466,2.814057222412299,0.2935651485652492,0.3225561972899718,42.6,neutral
174.46880109588346,16.0,40.80441152620633,18.973665961010276,2.150581203415075,0.27306656919890326,0.4242640552955211,125.6,neutral
157.6753941477397,9.666666666666666,50.00999900019995,17.46424919657298,2.8635640486880702,0.28702460087153303,0.298834256028317,52.4,neutral
211.45874249565543,2.6666666666666665,80.09993757800315,30.0,2.669997830266844,0.317897404992008,0.24761532166905248,40.6,neutral
128.08193611058297,3.6666666666666665,48.25971404805462,14.035668847618199,3.438362014210823,0.3214632617112202,0.3046038446499657,27.6,neutral
101.3005301192924,4.666666666666667,41.012193308819754,20.09975124224178,2.040432778202521,0.47837257409244727,0.26077786304407174,120.6,neutral
109.04839587456266,3.0,44.01136216933077,15.0,2.934090615682677,0.47659920525462185,0.287549686704498,89.0,neutral
141.43015063670168,3.6666666666666665,53.23532661682466,18.110770276274835,2.9394290173916056,0.30921061424482243,0.283386711296474,15.2,neutral
207.70497173768666,3.3333333333333335,77.10382610480494,32.01562118716424,2.4083188405352165,0.3597195081977249,0.3264281710592298,30.8,neutral
209.26323627889826,7.666666666666667,80.50465825031493,31.064449134018133,2.5915365603769596,0.3854282160444254,0.3296307191192022,41.2,neutral
221.3740331246851,8.666666666666666,79.40403012442127,36.124783736376884,2.198048533821798,0.34568950337653637,0.3295620960903008,97.6,neutral
218.50785488264302,1.3333333333333333,72.00694410957877,30.066592756745816,2.394915256851239,0.23203964421956763,0.3189286378171331,124.4,sad
217.8399430556612,1.3333333333333333,74.00675644831355,29.068883707497267,2.545909731074966,0.25718249475564,0.29930595703576196,126.4,sad
111.72507231138985,19.333333333333332,48.75448697299562,16.492422502470642,2.9561748135858847,0.329961589999714,0.24098475513049386,24.6,sad
141.42347624881313,0.3333333333333333,55.0,12.041594578792296,4.567501012645385,0.2617119564519098,0.23561947068452865,47.8,sad
159.2368968326122,8.333333333333334,56.32051136131489,22.02271554554524,2.5573825665348,0.3582158285209965,0.28503285533525086,104.8,sad
151.47659789301585,10.0,55.326304774492215,22.20360331117452,2.4917713358208182,0.3351864235676776,0.3137930140338627,127.6,sad
126.88479169851693,13.0,49.49747468305833,20.223748416156685,2.447492483442015,0.3861780850227738,0.335395735552676,182.6,sad
110.24513684006443,14.0,43.56604182158393,17.46424919657298,2.494584155129255,0.5893563160656144,0.28230052829013874,219.0,sad
142.56987283098394,10.666666666666666,55.326304774492215,22.20360331117452,2.4917713358208182,0.3650369447526432,0.29378386569433607,143.0,sad
167.1860339039878,5.0,56.142675390472796,21.02379604162864,2.670434616511291,0.32123837635924135,0.31326859679223074,69.8,sad
186.76387939897097,4.666666666666667,48.041648597857254,18.027756377319946,2.664871042601043,0.3104300380423154,0.405298101383641,24.8,sad
198.0196315456734,12.0,38.8329756778952,20.615528128088304,1.8836759142401025,0.29571571545423897,0.7332681420545761,113.6,sad
195.44325280815374,15.0,37.107950630558946,19.924858845171276,1.8623945623161777,0.3419253344337203,1.044929565201259,164.6,sad
137.80975077621116,18.333333333333332,47.75981574503821,18.027756377319946,2.649237769592077,0.26692300228417715,0.27735009210593153,93.4,sad
198.70813550472363,17.333333333333332,40.52159917870962,18.027756377319946,2.2477337768971943,0.310264031354774,0.5002144316631564,121.2,sad
188.07593769534975,4.333333333333333,70.0,22.0,3.181818037190089,0.2106825399061105,0.11901557030999818,24.0,sad
240.02856305114258,4.0,72.06247289678588,21.095023109728988,3.4160886719987578,0.13038470673233515,0.057145448062249624,104.6,sad
192.15423626801606,6.333333333333333,68.3593446428504,15.033296378372908,4.547195663221099,0.27534885422996225,0.3443472986138397,111.2,sad
192.33281555747828,3.6666666666666665,64.19501538281614,22.090722034374522,2.905971673399949,0.2821751619698829,0.28844409795790354,126.6,sad
211.8912844142343,8.666666666666666,66.18912297349165,21.0,3.15186284864899,0.07327741353998596,0.09092733965034026,43.8,sad
195.74002024142987,2.6666666666666665,69.06518659932803,25.079872407968907,2.7538092188847805,0.21376131273922633,0.2136500048177058,94.4,sad
207.17650898340509,4.0,72.24956747275377,27.018512172212592,2.6740763643152436,0.17200522683325015,0.17554229120836473,60.6,sad
139.73353640841043,18.0,49.64876634922564,17.08800749063506,2.905474115162994,0.2580750118411267,0.26341554997270317,95.0,sad
137.0107023617932,18.0,46.8187996428785,17.08800749063506,2.7398628499357986,0.248089788497997,0.27156555883405537,94.2,sad
140.98423189085287,17.0,47.43416490252569,18.027756377319946,2.6311739119698188,0.24639046364693273,0.264958324741072,95.4,sad
139.18670018806355,17.0,47.43416490252569,17.72004514666935,2.6768646373667253,0.2683822048771694,0.28007992640816437,97.2,sad
119.15045598337551,1.6666666666666667,38.0,13.038404810405298,2.914466734090613,0.3138678175685093,0.2812418339276935,109.8,sad
120.24436915067272,0.6666666666666666,35.014282800023196,14.035668847618199,2.4946641792065942,0.33227584844672814,0.29027698489521964,114.6,sad
125.21102525292929,4.333333333333333,40.311288741492746,14.560219778561036,2.768590487367366,0.22803507992080818,0.2647698804628046,145.0,sad
127.88473381835986,4.666666666666667,40.311288741492746,14.317821063276353,2.8154623352169454,0.22978420081357745,0.24612504863464524,162.0,sad
161.48824370203118,14.333333333333334,67.26812023536856,32.14031735997639,2.0929512732871998,0.4294405620193748,0.3584372322287864,53.8,sad
97.16987070659822,1.0,29.068883707497267,15.811388300841896,1.8384775148094963,0.4713288908198424,0.21673383212053776,32.0,sad
146.63457906916832,6.333333333333333,33.06055050963308,15.811388300841896,2.0909326739474268,0.1288979129871636,0.4093021189316854,258.6,sad
139.7103263923349,3.6666666666666665,27.0,9.0,2.999999666666704,0.19745482416442822,0.2683949556754575,308.0,sad
138.46663504166924,5.666666666666667,42.190046219457976,16.1245154965971,2.616515430299055,0.3162277598151013,0.27996483168210046,80.6,sad
141.8028932984851,7.333333333333333,40.311288741492746,12.041594578792296,3.347670039051066,0.33321628971414896,0.2955266707114009,88.2,sad
142.4959128392401,7.0,40.311288741492746,11.180339887498949,3.605550952973708,0.278156050705854,0.28187240349822856,89.8,sad
150.3187592199377,8.0,39.20459156782532,12.041594578792296,3.25576384884347,0.24983913004190866,0.24118202602321218,127.2,sad
152.18861079968684,8.666666666666666,42.2965719651132,13.152946437965905,3.2157485738158123,0.2940858434321178,0.2926979320480885,125.6,sad
191.2355818614024,11.333333333333334,70.25667228100119,33.13608305156178,2.12024668248902,0.2797488700929209,0.23872264335786555,19.6,sad
149.2017171454084,8.666666666666666,40.311288741492746,11.40175425099138,3.5355335958459286,0.2832788568895636,0.28187240349822856,129.6,sad
152.61938880187142,10.666666666666666,44.91102314577124,9.486832980505138,4.734037007294598,0.1884126122752118,0.261005938228731,151.2,sad
151.26125948039046,11.666666666666666,44.721359549995796,9.219544457292887,4.850711974593075,0.17365717489611548,0.2792661779373441,152.0,sad
132.06816203488964,9.666666666666666,44.721359549995796,17.26267650163207,2.590638650682531,0.17742383784905905,0.23896986619746283,75.2,sad
137.84856625537046,9.0,46.87216658103186,12.041594578792296,3.892521242249931,0.2658560332649162,0.24294044583351485,92.4,sad
138.26906430918575,7.333333333333333,43.41658669218482,11.045361017187261,3.930752710923006,0.1666666632981164,0.23375974964273674,72.0,sad
147.4609344753875,6.333333333333333,44.28317965096906,16.0312195418814,2.762308679821334,0.30097927383938927,0.32764758057961196,104.4,sad
143.7437082685916,6.666666666666667,44.28317965096906,17.029386365926403,2.6003976948444993,0.3522136540649551,0.2998252624415641,91.2,sad
144.1869633130598,6.666666666666667,45.17742799230607,14.142135623730951,3.1945263431055335,0.319835384748459,0.26599790587761646,90.2,sad
142.1351823150992,7.0,42.2965719651132,15.132745950421556,2.795035964302234,0.24812105390094588,0.25781721586316747,86.4,sad
220.93951489787773,7.333333333333333,75.32595834106593,32.01562118716424,2.352787582909001,0.3058203399875775,0.3639692559839227,92.4,sad
145.1254292158508,7.0,42.2965719651132,14.142135623730951,2.9908190742647913,0.36699299832843263,0.2820656653641139,87.6,sad
145.1683707914424,7.0,44.28317965096906,16.1245154965971,2.746326047067181,0.3328995651780031,0.26599790587761646,86.4,sad
146.96893834433942,7.333333333333333,42.2965719651132,11.180339887498949,3.7831200667956537,0.329673477689811,0.2885674386181072,82.2,sad
204.99370673521733,12.666666666666666,71.02112361825881,24.515301344262525,2.8970119405800574,0.2787334069835398,0.26688401695009667,20.4,sad
210.0109978885968,2.3333333333333335,70.11419257183242,23.0,3.0484430227560604,0.2429416429453515,0.27694226368852154,48.0,sad
221.9594288456154,6.0,73.17103251970687,28.0178514522438,2.611586046590341,0.242511450890515,0.31491025533742195,86.2,sad
220.5877273754699,6.666666666666667,74.24284477308234,28.0178514522438,2.649840664969903,0.25610655884538347,0.2929098000719283,86.2,sad
226.40122070335448,4.666666666666667,76.10519036176179,29.068883707497267,2.618098049772553,0.274980663112678,0.27574124937972855,86.0,sad
222.43382868711697,6.666666666666667,72.11102550927978,28.0,2.575393676210218,0.2631174029936208,0.2836292343065111,89.8,sad
221.10591625299,5.0,75.32595834106593,32.01562118716424,2.352787582909001,0.29306894858061383,0.34990897785508196,106.8,sad
212.63575081220858,3.0,73.00684899377592,28.0178514522438,2.6057260854740916,0.24830406630125462,0.2766750307641674,128.0,sad
148.67944807022255,7.0,44.181444068749045,18.110770276274835,2.4395120116516997,0.2979199379391156,0.32288874372430976,67.6,sad
158.13304401567837,6.0,43.18564576337837,18.110770276274835,2.384528251425255,0.28154624826972574,0.32318459650079007,103.0,sad
145.29869515676458,4.666666666666667,43.04648650006177,18.027756377319946,2.3877893183883736,0.27477873450918494,0.27187588497759824,59.4,sad
146.98260921075445,4.666666666666667,44.10215414239989,18.027756377319946,2.446347219975524,0.31243047632161064,0.2757802771425643,62.4,sad
148.35557423283063,2.6666666666666665,53.08483775994799,13.152946437965905,4.035965171328741,0.21724151505990935,0.21521529266368603,59.2,sad
148.38565524061286,2.3333333333333335,54.147945482723536,13.152946437965905,4.116791748625545,0.2696336946097656,0.21756310099021509,60.0,sad
148.89434841880077,2.0,54.08326913195984,13.152946437965905,4.111874497106922,0.2739708457787182,0.2262527561820061,60.8,sad
147.5884478617919,2.3333333333333335,56.08029957123981,13.152946437965905,4.263705898296557,0.24342254700962607,0.2086370299627068,61.2,sad
148.21925781774385,2.3333333333333335,54.08326913195984,14.142135623730951,3.824264364778262,0.251765620385335,0.20782983006932731,59.6,sad
230.41377825150238,1.6666666666666667,75.0066663703967,32.01562118716424,2.342814577580457,0.26273879095041763,0.2795084936936176,133.8,sad
147.461770821697,2.6666666666666665,53.08483775994799,13.152946437965905,4.035965171328741,0.23920755166061936,0.2262527561820061,59.0,sad
147.22610978516738,2.6666666666666665,54.08326913195984,13.152946437965905,4.111874497106922,0.24294044583351485,0.242029720016504,58.6,sad
148.19760593385587,2.6666666666666665,54.08326913195984,14.142135623730951,3.824264364778262,0.2598382596099589,0.2262527561820061,58.6,sad
146.17247147839677,2.3333333333333335,53.08483775994799,13.152946437965905,4.035965171328741,0.23905514161176536,0.2255863254197941,58.2,sad
147.29280545780668,1.6666666666666667,55.08175741568164,16.1245154965971,3.4160253690277185,0.269448950710296,0.2262527561820061,59.2,sad
146.36469371889365,2.0,55.08175741568164,13.152946437965905,4.187788149801959,0.24278565738740998,0.22416695975924017,58.6,sad
146.62741796577671,2.0,54.08326913195984,14.142135623730951,3.824264364778262,0.2519382399570192,0.2262527561820061,58.4,sad
147.8419999696868,2.3333333333333335,54.08326913195984,14.142135623730951,3.824264364778262,0.2561077438343142,0.22482919740851742,56.8,sad
147.07078952186862,2.0,54.037024344425184,14.035668847618199,3.849978300365555,0.23920755166061936,0.25189635644322117,55.6,sad
145.7113226651571,1.6666666666666667,56.0357029044876,14.035668847618199,3.99237824149851,0.24294044583351485,0.23518021318491059,55.8,sad
185.65631095386212,11.333333333333334,73.33484846919642,31.016124838541646,2.36441033451277,0.2690172292032569,0.2494866479850305,27.6,sad
147.77221001722168,2.0,56.0357029044876,13.038404810405298,4.297741895697733,0.24806709044694714,0.2262527561820061,54.8,sad
145.48505415707695,1.0,53.0,14.035668847618199,3.776093380323698,0.24189095770080124,0.18210783651924523,34.8,sad
189.28885456116177,11.0,73.24616030891995,33.06055050963308,2.2155153790334596,0.2764517654089297,0.26127434063473,31.0,sad
107.4704914738382,18.0,47.53945729601885,19.697715603592208,2.4134501603779412,0.27706237952989277,0.2498096639231615,20.4,sad
141.76459075105356,0.3333333333333333,56.00892785976178,15.033296378372908,3.725658213901691,0.28732745819284145,0.25222208846569893,49.6,sad
197.4353434872126,9.666666666666666,66.75327707311455,37.12142238654117,1.7982413114394955,0.35738986393613914,0.3602016557605008,81.8,surprise
203.66462197649648,8.0,61.29437168288782,45.27692569068709,1.3537661710483395,0.3109410682198913,0.3208420156393335,81.4,surprise
217.21785863408667,0.6666666666666666,100.07996802557443,60.07495318350236,1.6659183412753755,0.2526690497446564,0.25679942447897713,75.2,surprise
219.6089221559517,0.6666666666666666,97.02061636580135,62.00806399170998,1.5646451212237036,0.2623255875485209,0.23371803498283425,93.4,surprise
220.43145998989516,3.0,92.19544457292888,71.02816342831905,1.298012490045011,0.2858855061819318,0.27139016430997204,78.4,surprise
215.8673941906419,2.0,92.34717104492157,66.12110101926616,1.396636901454149,0.26295193944298845,0.2661231445389397,78.4,surprise
218.0210425373784,2.0,91.13725912051558,57.0,1.5988992547651988,0.2314321273197045,0.23901191492048943,98.8,surprise
141.5475244202618,7.333333333333333,64.77653896280658,23.194827009486403,2.792714778325313,0.22599837018520783,0.23186467158206336,274.6,surprise
109.16835557061812,5.666666666666667,41.30375285612676,35.0,1.1801071907434164,0.4037306762604546,0.3681622842295671,37.8,surprise
109.97714668197442,3.3333333333333335,42.190046219457976,34.132096331752024,1.2360812700545623,0.3990693672469793,0.33946521687009806,26.6,surprise
116.98801327526067,1.3333333333333333,57.0087712549569,19.026297590440446,2.996314337440301,0.26421831450962496,0.24331049634571886,64.0,surprise
128.80668247441014,7.333333333333333,46.52956049652737,41.10960958218893,1.1318414316648058,0.3225981102156522,0.3532510716573205,31.4,surprise
206.00216060994708,7.0,67.26812023536856,57.14017850864661,1.177247268276246,0.3635410477462908,0.3208420156393335,78.6,surprise
121.42181889677109,5.666666666666667,45.5411901469428,36.05551275463989,1.2630853205102985,0.35355338225994065,0.3030276288453869,20.8,surprise
116.80159251231784,5.0,47.265209192385896,34.0,1.3901531706539039,0.33918497817723836,0.29696886921646626,42.8,surprise
273.7066614332232,2.3333333333333335,71.11258679024411,59.53990258641679,1.1943685244137257,0.2948400491211349,0.38162237372147934,233.2,surprise
189.5028528733319,1.6666666666666667,61.39218191268331,36.013886210738214,1.704680795867492,0.38750009487520426,0.28841605671503556,41.4,surprise
180.40832074488156,2.6666666666666665,61.18823416311342,43.289721643826724,1.4134586785540215,0.3922390902575878,0.31646599420426935,23.2,surprise
278.47679237874996,10.666666666666666,61.29437168288782,49.64876634922564,1.234559787793882,0.2780055120160858,0.3642566731012525,318.4,surprise
279.56922443355575,4.333333333333333,58.855755878248644,67.0,0.8784441044746947,0.26038268863924535,0.3626551510388559,232.6,surprise
184.9343690623721,2.3333333333333335,67.1863081289633,45.09988913511872,1.4897222127963936,0.34657831797321004,0.3002403814277736,23.0,surprise
231.33484703692568,8.333333333333334,71.02816342831905,68.18357573492314,1.0417195288017054,0.35891555044630824,0.3442659785633746,97.2,surprise
237.50666325183983,5.0,65.00769185258002,85.28774824088158,0.7622160560126428,0.33853613341028693,0.4069705098153613,139.6,surprise
261.9647647929831,7.333333333333333,56.0357029044876,56.43580423808985,0.9929104877317811,0.2962749216293326,0.5007311648834438,193.8,surprise
259.4438738975586,5.0,59.033888572581766,89.35882720806042,0.660638570988521,0.3379539160676154,0.43784358026160564,190.6,surprise
90.65646305194959,8.333333333333334,29.832867780352597,27.85677655436824,1.070937502449004,0.8157658770692234,0.28841680333101305,27.8,surprise
164.52842336906545,1.6666666666666667,39.05124837953327,18.24828759089466,2.139995111597405,0.2921346385576055,0.5061754668007681,191.6,surprise
221.55527866393737,0.3333333333333333,111.01801655587259,56.00892785976178,1.9821485398130996,0.16022204939418003,0.21700580115835486,71.2,surprise
